"","Race","Region","EDUC","Income","Gender","Income_cont","N","perc"
"1","Asian/Pacific Islander","Midwest","Bachelors","100,000-149,999","Female",6,1,0.000898472596585804
"2","Asian/Pacific Islander","Midwest","Bachelors","150,000 +","Female",0,1,0.000898472596585804
"3","Asian/Pacific Islander","Midwest","Bachelors","40,000-59,999","Female",3,1,0.000898472596585804
"4","Asian/Pacific Islander","Midwest","Bachelors","60,000-74,999","Female",4,1,0.000898472596585804
"5","Asian/Pacific Islander","Midwest","Bachelors","60,000-74,999","Male",4,1,0.000898472596585804
"6","Asian/Pacific Islander","Midwest","Bachelors","75,000-99,999","Male",5,2,0.00179694519317161
"7","Asian/Pacific Islander","Midwest","Bachelors","Other","Male",0,1,0.000898472596585804
"8","Asian/Pacific Islander","Midwest","Bachelors",NA,"Female",NA,1,0.000898472596585804
"9","Asian/Pacific Islander","Midwest","Bachelors",NA,"Male",NA,1,0.000898472596585804
"10","Asian/Pacific Islander","Midwest","Masters","150,000 +","Male",0,1,0.000898472596585804
"11","Asian/Pacific Islander","Midwest","Masters","40,000-59,999","Female",3,1,0.000898472596585804
"12","Asian/Pacific Islander","Midwest","Primary","1-19,999","Female",1,1,0.000898472596585804
"13","Asian/Pacific Islander","Midwest","Primary","20,000-39,999","Female",2,1,0.000898472596585804
"14","Asian/Pacific Islander","Midwest","Primary","20,000-39,999","Male",2,1,0.000898472596585804
"15","Asian/Pacific Islander","Midwest","Professional","100,000-149,999","Female",6,1,0.000898472596585804
"16","Asian/Pacific Islander","Midwest","Professional","100,000-149,999","Male",6,1,0.000898472596585804
"17","Asian/Pacific Islander","Midwest","Professional","150,000 +","Male",0,1,0.000898472596585804
"18","Asian/Pacific Islander","Midwest","Professional","20,000-39,999","Female",2,1,0.000898472596585804
"19","Asian/Pacific Islander","Midwest","Professional","40,000-59,999","Female",3,1,0.000898472596585804
"20","Asian/Pacific Islander","Midwest","Professional","60,000-74,999","Female",4,1,0.000898472596585804
"21","Asian/Pacific Islander","Midwest","Secondary","1-19,999","Male",1,2,0.00179694519317161
"22","Asian/Pacific Islander","Midwest","Secondary","100,000-149,999","Male",6,1,0.000898472596585804
"23","Asian/Pacific Islander","Midwest","Secondary","20,000-39,999","Female",2,1,0.000898472596585804
"24","Asian/Pacific Islander","Midwest","Secondary","20,000-39,999","Male",2,1,0.000898472596585804
"25","Asian/Pacific Islander","Midwest","Secondary","40,000-59,999","Male",3,1,0.000898472596585804
"26","Asian/Pacific Islander","Midwest","Secondary","60,000-74,999","Female",4,1,0.000898472596585804
"27","Asian/Pacific Islander","Midwest","Secondary","60,000-74,999","Male",4,1,0.000898472596585804
"28","Asian/Pacific Islander","Midwest","Secondary",NA,"Male",NA,1,0.000898472596585804
"29","Asian/Pacific Islander","Northeast","Bachelors","1-19,999","Male",1,1,0.00258397932816537
"30","Asian/Pacific Islander","Northeast","Bachelors","20,000-39,999","Female",2,1,0.00258397932816537
"31","Asian/Pacific Islander","Northeast","Bachelors","40,000-59,999","Female",3,1,0.00258397932816537
"32","Asian/Pacific Islander","Northeast","Bachelors","40,000-59,999","Male",3,1,0.00258397932816537
"33","Asian/Pacific Islander","Northeast","Bachelors","75,000-99,999","Male",5,1,0.00258397932816537
"34","Asian/Pacific Islander","Northeast","Bachelors",NA,"Female",NA,1,0.00258397932816537
"35","Asian/Pacific Islander","Northeast","Masters","100,000-149,999","Female",6,1,0.00258397932816537
"36","Asian/Pacific Islander","Northeast","Masters","100,000-149,999","Male",6,1,0.00258397932816537
"37","Asian/Pacific Islander","Northeast","Masters","150,000 +","Female",0,2,0.00516795865633075
"38","Asian/Pacific Islander","Northeast","Masters","150,000 +","Male",0,2,0.00516795865633075
"39","Asian/Pacific Islander","Northeast","Masters",NA,"Male",NA,1,0.00258397932816537
"40","Asian/Pacific Islander","Northeast","Primary",NA,"Female",NA,1,0.00258397932816537
"41","Asian/Pacific Islander","Northeast","Professional","100,000-149,999","Male",6,1,0.00258397932816537
"42","Asian/Pacific Islander","Northeast","Professional","150,000 +","Male",0,1,0.00258397932816537
"43","Asian/Pacific Islander","Northeast","Professional","20,000-39,999","Female",2,2,0.00516795865633075
"44","Asian/Pacific Islander","Northeast","Professional","60,000-74,999","Female",4,1,0.00258397932816537
"45","Asian/Pacific Islander","Northeast","Secondary","40,000-59,999","Female",3,1,0.00258397932816537
"46","Asian/Pacific Islander","Northeast","Secondary","60,000-74,999","Female",4,1,0.00258397932816537
"47","Asian/Pacific Islander","Northeast","Secondary","60,000-74,999","Male",4,2,0.00516795865633075
"48","Asian/Pacific Islander","South","Bachelors","100,000-149,999","Female",6,2,0.00133067198935462
"49","Asian/Pacific Islander","South","Bachelors","100,000-149,999","Male",6,1,0.000665335994677312
"50","Asian/Pacific Islander","South","Bachelors","150,000 +","Male",0,2,0.00133067198935462
"51","Asian/Pacific Islander","South","Bachelors","20,000-39,999","Male",2,2,0.00133067198935462
"52","Asian/Pacific Islander","South","Bachelors","40,000-59,999","Female",3,1,0.000665335994677312
"53","Asian/Pacific Islander","South","Bachelors","60,000-74,999","Female",4,1,0.000665335994677312
"54","Asian/Pacific Islander","South","Bachelors","60,000-74,999","Male",4,1,0.000665335994677312
"55","Asian/Pacific Islander","South","Bachelors","75,000-99,999","Female",5,1,0.000665335994677312
"56","Asian/Pacific Islander","South","Masters","1-19,999","Male",1,2,0.00133067198935462
"57","Asian/Pacific Islander","South","Masters","150,000 +","Female",0,1,0.000665335994677312
"58","Asian/Pacific Islander","South","Masters","20,000-39,999","Male",2,1,0.000665335994677312
"59","Asian/Pacific Islander","South","Masters","60,000-74,999","Female",4,1,0.000665335994677312
"60","Asian/Pacific Islander","South","Masters","60,000-74,999","Male",4,2,0.00133067198935462
"61","Asian/Pacific Islander","South","Masters","75,000-99,999","Male",5,1,0.000665335994677312
"62","Asian/Pacific Islander","South","Masters",NA,"Male",NA,1,0.000665335994677312
"63","Asian/Pacific Islander","South","Primary","1-19,999","Male",1,1,0.000665335994677312
"64","Asian/Pacific Islander","South","Primary","150,000 +","Male",0,1,0.000665335994677312
"65","Asian/Pacific Islander","South","Primary","75,000-99,999","Male",5,1,0.000665335994677312
"66","Asian/Pacific Islander","South","Professional","100,000-149,999","Female",6,1,0.000665335994677312
"67","Asian/Pacific Islander","South","Professional","60,000-74,999","Male",4,1,0.000665335994677312
"68","Asian/Pacific Islander","South","Professional","75,000-99,999","Female",5,2,0.00133067198935462
"69","Asian/Pacific Islander","South","Secondary","1-19,999","Male",1,1,0.000665335994677312
"70","Asian/Pacific Islander","South","Secondary","150,000 +","Female",0,1,0.000665335994677312
"71","Asian/Pacific Islander","South","Secondary","20,000-39,999","Male",2,3,0.00199600798403194
"72","Asian/Pacific Islander","South","Secondary","40,000-59,999","Female",3,2,0.00133067198935462
"73","Asian/Pacific Islander","South","Secondary","40,000-59,999","Male",3,1,0.000665335994677312
"74","Asian/Pacific Islander","South","Secondary","60,000-74,999","Female",4,1,0.000665335994677312
"75","Asian/Pacific Islander","South","Secondary",NA,"Female",NA,1,0.000665335994677312
"76","Asian/Pacific Islander","South","Secondary",NA,"Male",NA,1,0.000665335994677312
"77","Asian/Pacific Islander","West","Bachelors","1-19,999","Female",1,1,0.0015220700152207
"78","Asian/Pacific Islander","West","Bachelors","1-19,999","Male",1,1,0.0015220700152207
"79","Asian/Pacific Islander","West","Bachelors","100,000-149,999","Female",6,3,0.0045662100456621
"80","Asian/Pacific Islander","West","Bachelors","100,000-149,999","Male",6,3,0.0045662100456621
"81","Asian/Pacific Islander","West","Bachelors","150,000 +","Female",0,5,0.0076103500761035
"82","Asian/Pacific Islander","West","Bachelors","150,000 +","Male",0,2,0.0030441400304414
"83","Asian/Pacific Islander","West","Bachelors","20,000-39,999","Female",2,1,0.0015220700152207
"84","Asian/Pacific Islander","West","Bachelors","40,000-59,999","Female",3,2,0.0030441400304414
"85","Asian/Pacific Islander","West","Bachelors","60,000-74,999","Male",4,1,0.0015220700152207
"86","Asian/Pacific Islander","West","Bachelors","75,000-99,999","Male",5,3,0.0045662100456621
"87","Asian/Pacific Islander","West","Bachelors",NA,"Female",NA,2,0.0030441400304414
"88","Asian/Pacific Islander","West","Bachelors",NA,"Male",NA,1,0.0015220700152207
"89","Asian/Pacific Islander","West","Masters","100,000-149,999","Male",6,1,0.0015220700152207
"90","Asian/Pacific Islander","West","Masters","150,000 +","Female",0,1,0.0015220700152207
"91","Asian/Pacific Islander","West","Masters","150,000 +","Male",0,4,0.0060882800608828
"92","Asian/Pacific Islander","West","Masters","60,000-74,999","Female",4,2,0.0030441400304414
"93","Asian/Pacific Islander","West","Masters","75,000-99,999","Female",5,2,0.0030441400304414
"94","Asian/Pacific Islander","West","Masters",NA,"Male",NA,1,0.0015220700152207
"95","Asian/Pacific Islander","West","Primary","1-19,999","Female",1,1,0.0015220700152207
"96","Asian/Pacific Islander","West","Primary","150,000 +","Female",0,1,0.0015220700152207
"97","Asian/Pacific Islander","West","Professional","1-19,999","Female",1,1,0.0015220700152207
"98","Asian/Pacific Islander","West","Professional","100,000-149,999","Female",6,1,0.0015220700152207
"99","Asian/Pacific Islander","West","Professional","20,000-39,999","Female",2,1,0.0015220700152207
"100","Asian/Pacific Islander","West","Professional","40,000-59,999","Female",3,1,0.0015220700152207
"101","Asian/Pacific Islander","West","Professional","75,000-99,999","Male",5,1,0.0015220700152207
"102","Asian/Pacific Islander","West","Professional",NA,"Male",NA,1,0.0015220700152207
"103","Asian/Pacific Islander","West","Secondary","1-19,999","Male",1,2,0.0030441400304414
"104","Asian/Pacific Islander","West","Secondary","100,000-149,999","Male",6,1,0.0015220700152207
"105","Asian/Pacific Islander","West","Secondary","40,000-59,999","Female",3,4,0.0060882800608828
"106","Asian/Pacific Islander","West","Secondary","40,000-59,999","Male",3,2,0.0030441400304414
"107","Asian/Pacific Islander","West","Secondary","75,000-99,999","Male",5,3,0.0045662100456621
"108","Asian/Pacific Islander","West","Secondary",NA,"Female",NA,1,0.0015220700152207
"109","Asian/Pacific Islander","West","Secondary",NA,"Male",NA,3,0.0045662100456621
"110","Black","Midwest","Bachelors","1-19,999","Male",1,1,0.000898472596585804
"111","Black","Midwest","Bachelors","150,000 +","Male",0,2,0.00179694519317161
"112","Black","Midwest","Bachelors","20,000-39,999","Female",2,2,0.00179694519317161
"113","Black","Midwest","Bachelors","20,000-39,999","Male",2,1,0.000898472596585804
"114","Black","Midwest","Bachelors","60,000-74,999","Male",4,2,0.00179694519317161
"115","Black","Midwest","Bachelors","75,000-99,999","Female",5,1,0.000898472596585804
"116","Black","Midwest","Bachelors","75,000-99,999","Male",5,1,0.000898472596585804
"117","Black","Midwest","Bachelors",NA,"Male",NA,1,0.000898472596585804
"118","Black","Midwest","Masters","100,000-149,999","Female",6,1,0.000898472596585804
"119","Black","Midwest","Primary","1-19,999","Female",1,5,0.00449236298292902
"120","Black","Midwest","Primary","1-19,999","Male",1,3,0.00269541778975741
"121","Black","Midwest","Primary","20,000-39,999","Female",2,1,0.000898472596585804
"122","Black","Midwest","Primary","40,000-59,999","Female",3,1,0.000898472596585804
"123","Black","Midwest","Primary",NA,"Male",NA,3,0.00269541778975741
"124","Black","Midwest","Professional","1-19,999","Female",1,1,0.000898472596585804
"125","Black","Midwest","Professional","1-19,999","Male",1,2,0.00179694519317161
"126","Black","Midwest","Professional","100,000-149,999","Male",6,1,0.000898472596585804
"127","Black","Midwest","Professional","20,000-39,999","Female",2,2,0.00179694519317161
"128","Black","Midwest","Professional","20,000-39,999","Male",2,1,0.000898472596585804
"129","Black","Midwest","Professional","40,000-59,999","Female",3,4,0.00359389038634322
"130","Black","Midwest","Professional","60,000-74,999","Male",4,3,0.00269541778975741
"131","Black","Midwest","Professional","75,000-99,999","Female",5,1,0.000898472596585804
"132","Black","Midwest","Professional","75,000-99,999","Male",5,2,0.00179694519317161
"133","Black","Midwest","Secondary","1-19,999","Female",1,10,0.00898472596585804
"134","Black","Midwest","Secondary","1-19,999","Male",1,11,0.00988319856244385
"135","Black","Midwest","Secondary","100,000-149,999","Male",6,5,0.00449236298292902
"136","Black","Midwest","Secondary","20,000-39,999","Female",2,3,0.00269541778975741
"137","Black","Midwest","Secondary","20,000-39,999","Male",2,11,0.00988319856244385
"138","Black","Midwest","Secondary","40,000-59,999","Female",3,4,0.00359389038634322
"139","Black","Midwest","Secondary","40,000-59,999","Male",3,3,0.00269541778975741
"140","Black","Midwest","Secondary","60,000-74,999","Female",4,1,0.000898472596585804
"141","Black","Midwest","Secondary","60,000-74,999","Male",4,1,0.000898472596585804
"142","Black","Midwest","Secondary",NA,"Female",NA,1,0.000898472596585804
"143","Black","Midwest","Secondary",NA,"Male",NA,4,0.00359389038634322
"144","Black","Midwest",NA,"1-19,999","Male",1,1,0.000898472596585804
"145","Black","Northeast","Bachelors","1-19,999","Male",1,1,0.00258397932816537
"146","Black","Northeast","Bachelors","40,000-59,999","Female",3,2,0.00516795865633075
"147","Black","Northeast","Bachelors",NA,"Female",NA,1,0.00258397932816537
"148","Black","Northeast","Bachelors",NA,"Male",NA,1,0.00258397932816537
"149","Black","Northeast","Masters","100,000-149,999","Female",6,1,0.00258397932816537
"150","Black","Northeast","Masters","40,000-59,999","Female",3,2,0.00516795865633075
"151","Black","Northeast","Masters",NA,"Male",NA,1,0.00258397932816537
"152","Black","Northeast","Primary","1-19,999","Female",1,1,0.00258397932816537
"153","Black","Northeast","Primary","20,000-39,999","Male",2,1,0.00258397932816537
"154","Black","Northeast","Professional","40,000-59,999","Female",3,1,0.00258397932816537
"155","Black","Northeast","Professional","40,000-59,999","Male",3,1,0.00258397932816537
"156","Black","Northeast","Secondary","1-19,999","Female",1,6,0.0155038759689922
"157","Black","Northeast","Secondary","1-19,999","Male",1,1,0.00258397932816537
"158","Black","Northeast","Secondary","100,000-149,999","Female",6,1,0.00258397932816537
"159","Black","Northeast","Secondary","20,000-39,999","Male",2,1,0.00258397932816537
"160","Black","Northeast","Secondary","40,000-59,999","Female",3,4,0.0103359173126615
"161","Black","Northeast","Secondary","75,000-99,999","Male",5,1,0.00258397932816537
"162","Black","Northeast","Secondary",NA,"Female",NA,1,0.00258397932816537
"163","Black","Northeast","Secondary",NA,"Male",NA,2,0.00516795865633075
"164","Black","South","Bachelors","1-19,999","Female",1,3,0.00199600798403194
"165","Black","South","Bachelors","1-19,999","Male",1,2,0.00133067198935462
"166","Black","South","Bachelors","100,000-149,999","Female",6,2,0.00133067198935462
"167","Black","South","Bachelors","100,000-149,999","Male",6,4,0.00266134397870925
"168","Black","South","Bachelors","150,000 +","Female",0,2,0.00133067198935462
"169","Black","South","Bachelors","150,000 +","Male",0,2,0.00133067198935462
"170","Black","South","Bachelors","20,000-39,999","Female",2,1,0.000665335994677312
"171","Black","South","Bachelors","40,000-59,999","Female",3,3,0.00199600798403194
"172","Black","South","Bachelors","40,000-59,999","Male",3,2,0.00133067198935462
"173","Black","South","Bachelors","60,000-74,999","Female",4,3,0.00199600798403194
"174","Black","South","Bachelors","75,000-99,999","Female",5,1,0.000665335994677312
"175","Black","South","Bachelors","75,000-99,999","Male",5,1,0.000665335994677312
"176","Black","South","Bachelors",NA,"Female",NA,2,0.00133067198935462
"177","Black","South","Bachelors",NA,"Male",NA,3,0.00199600798403194
"178","Black","South","Masters","1-19,999","Female",1,2,0.00133067198935462
"179","Black","South","Masters","100,000-149,999","Male",6,2,0.00133067198935462
"180","Black","South","Masters","150,000 +","Female",0,1,0.000665335994677312
"181","Black","South","Masters","150,000 +","Male",0,2,0.00133067198935462
"182","Black","South","Masters","20,000-39,999","Female",2,1,0.000665335994677312
"183","Black","South","Masters","40,000-59,999","Female",3,6,0.00399201596806387
"184","Black","South","Masters","40,000-59,999","Male",3,1,0.000665335994677312
"185","Black","South","Masters","60,000-74,999","Female",4,3,0.00199600798403194
"186","Black","South","Masters","60,000-74,999","Male",4,2,0.00133067198935462
"187","Black","South","Masters","75,000-99,999","Female",5,4,0.00266134397870925
"188","Black","South","Masters","75,000-99,999","Male",5,1,0.000665335994677312
"189","Black","South","Primary","1-19,999","Female",1,19,0.0126413838988689
"190","Black","South","Primary","1-19,999","Male",1,9,0.00598802395209581
"191","Black","South","Primary","100,000-149,999","Male",6,1,0.000665335994677312
"192","Black","South","Primary","20,000-39,999","Female",2,5,0.00332667997338656
"193","Black","South","Primary","20,000-39,999","Male",2,6,0.00399201596806387
"194","Black","South","Primary","40,000-59,999","Female",3,2,0.00133067198935462
"195","Black","South","Primary","40,000-59,999","Male",3,3,0.00199600798403194
"196","Black","South","Primary","60,000-74,999","Male",4,2,0.00133067198935462
"197","Black","South","Primary","Other","Female",0,2,0.00133067198935462
"198","Black","South","Primary",NA,"Female",NA,3,0.00199600798403194
"199","Black","South","Primary",NA,"Male",NA,4,0.00266134397870925
"200","Black","South","Professional","1-19,999","Female",1,5,0.00332667997338656
"201","Black","South","Professional","1-19,999","Male",1,3,0.00199600798403194
"202","Black","South","Professional","100,000-149,999","Female",6,3,0.00199600798403194
"203","Black","South","Professional","100,000-149,999","Male",6,1,0.000665335994677312
"204","Black","South","Professional","20,000-39,999","Female",2,7,0.00465735196274118
"205","Black","South","Professional","40,000-59,999","Female",3,3,0.00199600798403194
"206","Black","South","Professional","40,000-59,999","Male",3,2,0.00133067198935462
"207","Black","South","Professional","60,000-74,999","Female",4,3,0.00199600798403194
"208","Black","South","Professional","60,000-74,999","Male",4,3,0.00199600798403194
"209","Black","South","Professional","75,000-99,999","Male",5,2,0.00133067198935462
"210","Black","South","Professional",NA,"Female",NA,3,0.00199600798403194
"211","Black","South","Professional",NA,"Male",NA,1,0.000665335994677312
"212","Black","South","Secondary","1-19,999","Female",1,36,0.0239520958083832
"213","Black","South","Secondary","1-19,999","Male",1,22,0.0146373918829009
"214","Black","South","Secondary","100,000-149,999","Female",6,2,0.00133067198935462
"215","Black","South","Secondary","100,000-149,999","Male",6,3,0.00199600798403194
"216","Black","South","Secondary","150,000 +","Female",0,1,0.000665335994677312
"217","Black","South","Secondary","150,000 +","Male",0,4,0.00266134397870925
"218","Black","South","Secondary","20,000-39,999","Female",2,23,0.0153027278775782
"219","Black","South","Secondary","20,000-39,999","Male",2,16,0.010645375914837
"220","Black","South","Secondary","40,000-59,999","Female",3,11,0.00731869594145043
"221","Black","South","Secondary","40,000-59,999","Male",3,13,0.00864936793080506
"222","Black","South","Secondary","60,000-74,999","Female",4,2,0.00133067198935462
"223","Black","South","Secondary","60,000-74,999","Male",4,8,0.0053226879574185
"224","Black","South","Secondary","75,000-99,999","Female",5,4,0.00266134397870925
"225","Black","South","Secondary","75,000-99,999","Male",5,6,0.00399201596806387
"226","Black","South","Secondary",NA,"Female",NA,10,0.00665335994677312
"227","Black","South","Secondary",NA,"Male",NA,9,0.00598802395209581
"228","Black","West","Bachelors","20,000-39,999","Female",2,1,0.0015220700152207
"229","Black","West","Bachelors","40,000-59,999","Male",3,1,0.0015220700152207
"230","Black","West","Bachelors","75,000-99,999","Male",5,1,0.0015220700152207
"231","Black","West","Bachelors",NA,"Male",NA,1,0.0015220700152207
"232","Black","West","Masters","40,000-59,999","Female",3,1,0.0015220700152207
"233","Black","West","Primary","1-19,999","Male",1,1,0.0015220700152207
"234","Black","West","Primary","20,000-39,999","Male",2,1,0.0015220700152207
"235","Black","West","Primary","40,000-59,999","Male",3,1,0.0015220700152207
"236","Black","West","Primary","60,000-74,999","Male",4,1,0.0015220700152207
"237","Black","West","Primary","75,000-99,999","Male",5,1,0.0015220700152207
"238","Black","West","Primary",NA,"Male",NA,1,0.0015220700152207
"239","Black","West","Professional","1-19,999","Female",1,1,0.0015220700152207
"240","Black","West","Professional","20,000-39,999","Female",2,1,0.0015220700152207
"241","Black","West","Professional","20,000-39,999","Male",2,2,0.0030441400304414
"242","Black","West","Professional","40,000-59,999","Male",3,1,0.0015220700152207
"243","Black","West","Professional","60,000-74,999","Female",4,1,0.0015220700152207
"244","Black","West","Professional","75,000-99,999","Female",5,1,0.0015220700152207
"245","Black","West","Professional",NA,"Female",NA,1,0.0015220700152207
"246","Black","West","Secondary","1-19,999","Female",1,3,0.0045662100456621
"247","Black","West","Secondary","1-19,999","Male",1,1,0.0015220700152207
"248","Black","West","Secondary","100,000-149,999","Male",6,1,0.0015220700152207
"249","Black","West","Secondary","20,000-39,999","Female",2,4,0.0060882800608828
"250","Black","West","Secondary","20,000-39,999","Male",2,3,0.0045662100456621
"251","Black","West","Secondary","40,000-59,999","Female",3,2,0.0030441400304414
"252","Black","West","Secondary","40,000-59,999","Male",3,1,0.0015220700152207
"253","Black","West","Secondary","60,000-74,999","Female",4,2,0.0030441400304414
"254","Black","West","Secondary","60,000-74,999","Male",4,1,0.0015220700152207
"255","Black","West","Secondary","75,000-99,999","Female",5,1,0.0015220700152207
"256","Black","West","Secondary","75,000-99,999","Male",5,4,0.0060882800608828
"257","Black","West","Secondary",NA,"Male",NA,1,0.0015220700152207
"258","Hispanic","Midwest","Bachelors","100,000-149,999","Male",6,1,0.000898472596585804
"259","Hispanic","Midwest","Bachelors","150,000 +","Female",0,1,0.000898472596585804
"260","Hispanic","Midwest","Bachelors","20,000-39,999","Male",2,1,0.000898472596585804
"261","Hispanic","Midwest","Bachelors","40,000-59,999","Female",3,1,0.000898472596585804
"262","Hispanic","Midwest","Masters","1-19,999","Female",1,1,0.000898472596585804
"263","Hispanic","Midwest","Masters","60,000-74,999","Female",4,1,0.000898472596585804
"264","Hispanic","Midwest","Masters","75,000-99,999","Female",5,1,0.000898472596585804
"265","Hispanic","Midwest","Primary","1-19,999","Female",1,4,0.00359389038634322
"266","Hispanic","Midwest","Primary","1-19,999","Male",1,2,0.00179694519317161
"267","Hispanic","Midwest","Primary","20,000-39,999","Female",2,3,0.00269541778975741
"268","Hispanic","Midwest","Primary","20,000-39,999","Male",2,3,0.00269541778975741
"269","Hispanic","Midwest","Primary","40,000-59,999","Female",3,1,0.000898472596585804
"270","Hispanic","Midwest","Primary","60,000-74,999","Male",4,4,0.00359389038634322
"271","Hispanic","Midwest","Primary",NA,"Female",NA,3,0.00269541778975741
"272","Hispanic","Midwest","Primary",NA,"Male",NA,3,0.00269541778975741
"273","Hispanic","Midwest","Professional","1-19,999","Female",1,2,0.00179694519317161
"274","Hispanic","Midwest","Professional","100,000-149,999","Female",6,1,0.000898472596585804
"275","Hispanic","Midwest","Professional","100,000-149,999","Male",6,1,0.000898472596585804
"276","Hispanic","Midwest","Professional","20,000-39,999","Female",2,1,0.000898472596585804
"277","Hispanic","Midwest","Professional","75,000-99,999","Female",5,2,0.00179694519317161
"278","Hispanic","Midwest","Professional",NA,"Female",NA,1,0.000898472596585804
"279","Hispanic","Midwest","Secondary","1-19,999","Female",1,6,0.00539083557951483
"280","Hispanic","Midwest","Secondary","1-19,999","Male",1,5,0.00449236298292902
"281","Hispanic","Midwest","Secondary","150,000 +","Female",0,1,0.000898472596585804
"282","Hispanic","Midwest","Secondary","150,000 +","Male",0,1,0.000898472596585804
"283","Hispanic","Midwest","Secondary","20,000-39,999","Female",2,9,0.00808625336927224
"284","Hispanic","Midwest","Secondary","20,000-39,999","Male",2,1,0.000898472596585804
"285","Hispanic","Midwest","Secondary","40,000-59,999","Female",3,5,0.00449236298292902
"286","Hispanic","Midwest","Secondary","40,000-59,999","Male",3,2,0.00179694519317161
"287","Hispanic","Midwest","Secondary","60,000-74,999","Female",4,2,0.00179694519317161
"288","Hispanic","Midwest","Secondary","60,000-74,999","Male",4,1,0.000898472596585804
"289","Hispanic","Midwest","Secondary","75,000-99,999","Female",5,2,0.00179694519317161
"290","Hispanic","Midwest","Secondary","75,000-99,999","Male",5,1,0.000898472596585804
"291","Hispanic","Midwest","Secondary",NA,"Female",NA,5,0.00449236298292902
"292","Hispanic","Midwest","Secondary",NA,"Male",NA,4,0.00359389038634322
"293","Hispanic","Northeast","Bachelors","100,000-149,999","Male",6,1,0.00258397932816537
"294","Hispanic","Northeast","Bachelors","40,000-59,999","Female",3,2,0.00516795865633075
"295","Hispanic","Northeast","Bachelors","75,000-99,999","Female",5,1,0.00258397932816537
"296","Hispanic","Northeast","Masters","1-19,999","Female",1,1,0.00258397932816537
"297","Hispanic","Northeast","Masters","100,000-149,999","Male",6,1,0.00258397932816537
"298","Hispanic","Northeast","Masters","150,000 +","Female",0,1,0.00258397932816537
"299","Hispanic","Northeast","Masters","20,000-39,999","Female",2,1,0.00258397932816537
"300","Hispanic","Northeast","Masters","75,000-99,999","Male",5,1,0.00258397932816537
"301","Hispanic","Northeast","Primary","1-19,999","Female",1,1,0.00258397932816537
"302","Hispanic","Northeast","Primary","1-19,999","Male",1,2,0.00516795865633075
"303","Hispanic","Northeast","Primary","20,000-39,999","Male",2,1,0.00258397932816537
"304","Hispanic","Northeast","Primary","40,000-59,999","Female",3,1,0.00258397932816537
"305","Hispanic","Northeast","Primary","75,000-99,999","Female",5,1,0.00258397932816537
"306","Hispanic","Northeast","Primary",NA,"Female",NA,1,0.00258397932816537
"307","Hispanic","Northeast","Professional","20,000-39,999","Female",2,1,0.00258397932816537
"308","Hispanic","Northeast","Secondary","1-19,999","Female",1,2,0.00516795865633075
"309","Hispanic","Northeast","Secondary","100,000-149,999","Female",6,1,0.00258397932816537
"310","Hispanic","Northeast","Secondary","100,000-149,999","Male",6,1,0.00258397932816537
"311","Hispanic","Northeast","Secondary","150,000 +","Female",0,1,0.00258397932816537
"312","Hispanic","Northeast","Secondary","20,000-39,999","Female",2,3,0.00775193798449612
"313","Hispanic","Northeast","Secondary","20,000-39,999","Male",2,1,0.00258397932816537
"314","Hispanic","Northeast","Secondary","40,000-59,999","Female",3,2,0.00516795865633075
"315","Hispanic","Northeast","Secondary","60,000-74,999","Male",4,1,0.00258397932816537
"316","Hispanic","Northeast","Secondary",NA,"Female",NA,2,0.00516795865633075
"317","Hispanic","Northeast","Secondary",NA,"Male",NA,1,0.00258397932816537
"318","Hispanic","South","Bachelors","100,000-149,999","Female",6,8,0.0053226879574185
"319","Hispanic","South","Bachelors","100,000-149,999","Male",6,1,0.000665335994677312
"320","Hispanic","South","Bachelors","150,000 +","Female",0,2,0.00133067198935462
"321","Hispanic","South","Bachelors","150,000 +","Male",0,6,0.00399201596806387
"322","Hispanic","South","Bachelors","20,000-39,999","Female",2,4,0.00266134397870925
"323","Hispanic","South","Bachelors","20,000-39,999","Male",2,2,0.00133067198935462
"324","Hispanic","South","Bachelors","40,000-59,999","Female",3,2,0.00133067198935462
"325","Hispanic","South","Bachelors","40,000-59,999","Male",3,2,0.00133067198935462
"326","Hispanic","South","Bachelors","60,000-74,999","Female",4,1,0.000665335994677312
"327","Hispanic","South","Bachelors","60,000-74,999","Male",4,1,0.000665335994677312
"328","Hispanic","South","Bachelors","75,000-99,999","Female",5,4,0.00266134397870925
"329","Hispanic","South","Bachelors","75,000-99,999","Male",5,1,0.000665335994677312
"330","Hispanic","South","Bachelors",NA,"Female",NA,1,0.000665335994677312
"331","Hispanic","South","Masters","100,000-149,999","Female",6,2,0.00133067198935462
"332","Hispanic","South","Masters","150,000 +","Female",0,1,0.000665335994677312
"333","Hispanic","South","Masters","150,000 +","Male",0,1,0.000665335994677312
"334","Hispanic","South","Masters","40,000-59,999","Female",3,1,0.000665335994677312
"335","Hispanic","South","Primary","1-19,999","Female",1,16,0.010645375914837
"336","Hispanic","South","Primary","1-19,999","Male",1,8,0.0053226879574185
"337","Hispanic","South","Primary","150,000 +","Male",0,1,0.000665335994677312
"338","Hispanic","South","Primary","20,000-39,999","Female",2,6,0.00399201596806387
"339","Hispanic","South","Primary","20,000-39,999","Male",2,4,0.00266134397870925
"340","Hispanic","South","Primary","40,000-59,999","Female",3,3,0.00199600798403194
"341","Hispanic","South","Primary","40,000-59,999","Male",3,2,0.00133067198935462
"342","Hispanic","South","Primary","60,000-74,999","Female",4,1,0.000665335994677312
"343","Hispanic","South","Primary","60,000-74,999","Male",4,2,0.00133067198935462
"344","Hispanic","South","Primary","75,000-99,999","Male",5,1,0.000665335994677312
"345","Hispanic","South","Primary",NA,"Female",NA,1,0.000665335994677312
"346","Hispanic","South","Primary",NA,"Male",NA,3,0.00199600798403194
"347","Hispanic","South","Professional","1-19,999","Female",1,3,0.00199600798403194
"348","Hispanic","South","Professional","100,000-149,999","Male",6,1,0.000665335994677312
"349","Hispanic","South","Professional","150,000 +","Female",0,1,0.000665335994677312
"350","Hispanic","South","Professional","20,000-39,999","Female",2,4,0.00266134397870925
"351","Hispanic","South","Professional","20,000-39,999","Male",2,2,0.00133067198935462
"352","Hispanic","South","Professional","40,000-59,999","Female",3,1,0.000665335994677312
"353","Hispanic","South","Professional","40,000-59,999","Male",3,1,0.000665335994677312
"354","Hispanic","South","Professional","60,000-74,999","Female",4,1,0.000665335994677312
"355","Hispanic","South","Professional","75,000-99,999","Female",5,1,0.000665335994677312
"356","Hispanic","South","Professional",NA,"Female",NA,2,0.00133067198935462
"357","Hispanic","South","Secondary","1-19,999","Female",1,12,0.00798403193612774
"358","Hispanic","South","Secondary","1-19,999","Male",1,13,0.00864936793080506
"359","Hispanic","South","Secondary","100,000-149,999","Female",6,1,0.000665335994677312
"360","Hispanic","South","Secondary","100,000-149,999","Male",6,6,0.00399201596806387
"361","Hispanic","South","Secondary","150,000 +","Female",0,2,0.00133067198935462
"362","Hispanic","South","Secondary","150,000 +","Male",0,1,0.000665335994677312
"363","Hispanic","South","Secondary","20,000-39,999","Female",2,13,0.00864936793080506
"364","Hispanic","South","Secondary","20,000-39,999","Male",2,6,0.00399201596806387
"365","Hispanic","South","Secondary","40,000-59,999","Female",3,4,0.00266134397870925
"366","Hispanic","South","Secondary","40,000-59,999","Male",3,4,0.00266134397870925
"367","Hispanic","South","Secondary","60,000-74,999","Female",4,3,0.00199600798403194
"368","Hispanic","South","Secondary","60,000-74,999","Male",4,2,0.00133067198935462
"369","Hispanic","South","Secondary","75,000-99,999","Female",5,4,0.00266134397870925
"370","Hispanic","South","Secondary","75,000-99,999","Male",5,1,0.000665335994677312
"371","Hispanic","South","Secondary","Other","Female",0,1,0.000665335994677312
"372","Hispanic","South","Secondary","Other","Male",0,1,0.000665335994677312
"373","Hispanic","South","Secondary",NA,"Female",NA,8,0.0053226879574185
"374","Hispanic","South","Secondary",NA,"Male",NA,5,0.00332667997338656
"375","Hispanic","West","Bachelors","100,000-149,999","Female",6,3,0.0045662100456621
"376","Hispanic","West","Bachelors","150,000 +","Female",0,1,0.0015220700152207
"377","Hispanic","West","Bachelors","20,000-39,999","Female",2,1,0.0015220700152207
"378","Hispanic","West","Bachelors","40,000-59,999","Female",3,1,0.0015220700152207
"379","Hispanic","West","Bachelors","75,000-99,999","Female",5,4,0.0060882800608828
"380","Hispanic","West","Bachelors",NA,"Female",NA,1,0.0015220700152207
"381","Hispanic","West","Masters","100,000-149,999","Female",6,2,0.0030441400304414
"382","Hispanic","West","Masters","150,000 +","Male",0,2,0.0030441400304414
"383","Hispanic","West","Masters","60,000-74,999","Male",4,1,0.0015220700152207
"384","Hispanic","West","Masters","75,000-99,999","Female",5,1,0.0015220700152207
"385","Hispanic","West","Masters","75,000-99,999","Male",5,1,0.0015220700152207
"386","Hispanic","West","Primary","1-19,999","Female",1,4,0.0060882800608828
"387","Hispanic","West","Primary","1-19,999","Male",1,3,0.0045662100456621
"388","Hispanic","West","Primary","100,000-149,999","Female",6,1,0.0015220700152207
"389","Hispanic","West","Primary","150,000 +","Male",0,1,0.0015220700152207
"390","Hispanic","West","Primary","20,000-39,999","Female",2,5,0.0076103500761035
"391","Hispanic","West","Primary","20,000-39,999","Male",2,2,0.0030441400304414
"392","Hispanic","West","Primary","40,000-59,999","Female",3,4,0.0060882800608828
"393","Hispanic","West","Primary","40,000-59,999","Male",3,1,0.0015220700152207
"394","Hispanic","West","Primary","60,000-74,999","Male",4,1,0.0015220700152207
"395","Hispanic","West","Primary",NA,"Female",NA,4,0.0060882800608828
"396","Hispanic","West","Primary",NA,"Male",NA,1,0.0015220700152207
"397","Hispanic","West","Professional","1-19,999","Female",1,3,0.0045662100456621
"398","Hispanic","West","Professional","100,000-149,999","Female",6,1,0.0015220700152207
"399","Hispanic","West","Professional","100,000-149,999","Male",6,2,0.0030441400304414
"400","Hispanic","West","Professional","40,000-59,999","Female",3,2,0.0030441400304414
"401","Hispanic","West","Professional","40,000-59,999","Male",3,2,0.0030441400304414
"402","Hispanic","West","Professional","60,000-74,999","Female",4,1,0.0015220700152207
"403","Hispanic","West","Professional","60,000-74,999","Male",4,3,0.0045662100456621
"404","Hispanic","West","Professional","75,000-99,999","Male",5,1,0.0015220700152207
"405","Hispanic","West","Professional",NA,"Female",NA,1,0.0015220700152207
"406","Hispanic","West","Professional",NA,"Male",NA,1,0.0015220700152207
"407","Hispanic","West","Secondary","1-19,999","Female",1,7,0.0106544901065449
"408","Hispanic","West","Secondary","1-19,999","Male",1,4,0.0060882800608828
"409","Hispanic","West","Secondary","100,000-149,999","Female",6,5,0.0076103500761035
"410","Hispanic","West","Secondary","100,000-149,999","Male",6,1,0.0015220700152207
"411","Hispanic","West","Secondary","20,000-39,999","Female",2,9,0.0136986301369863
"412","Hispanic","West","Secondary","20,000-39,999","Male",2,4,0.0060882800608828
"413","Hispanic","West","Secondary","40,000-59,999","Female",3,7,0.0106544901065449
"414","Hispanic","West","Secondary","40,000-59,999","Male",3,8,0.0121765601217656
"415","Hispanic","West","Secondary","60,000-74,999","Female",4,8,0.0121765601217656
"416","Hispanic","West","Secondary","60,000-74,999","Male",4,2,0.0030441400304414
"417","Hispanic","West","Secondary","75,000-99,999","Female",5,1,0.0015220700152207
"418","Hispanic","West","Secondary","75,000-99,999","Male",5,4,0.0060882800608828
"419","Hispanic","West","Secondary",NA,"Female",NA,9,0.0136986301369863
"420","Hispanic","West","Secondary",NA,"Male",NA,1,0.0015220700152207
"421","Other","Midwest","Bachelors","1-19,999","Female",1,1,0.000898472596585804
"422","Other","Midwest","Bachelors","150,000 +","Female",0,1,0.000898472596585804
"423","Other","Midwest","Bachelors","40,000-59,999","Female",3,3,0.00269541778975741
"424","Other","Midwest","Masters","100,000-149,999","Female",6,1,0.000898472596585804
"425","Other","Midwest","Masters","75,000-99,999","Female",5,1,0.000898472596585804
"426","Other","Midwest","Primary","1-19,999","Female",1,2,0.00179694519317161
"427","Other","Midwest","Primary","1-19,999","Male",1,1,0.000898472596585804
"428","Other","Midwest","Primary","100,000-149,999","Female",6,1,0.000898472596585804
"429","Other","Midwest","Primary","20,000-39,999","Male",2,1,0.000898472596585804
"430","Other","Midwest","Primary","40,000-59,999","Female",3,1,0.000898472596585804
"431","Other","Midwest","Primary",NA,"Female",NA,2,0.00179694519317161
"432","Other","Midwest","Primary",NA,"Male",NA,2,0.00179694519317161
"433","Other","Midwest","Professional","1-19,999","Female",1,1,0.000898472596585804
"434","Other","Midwest","Professional","150,000 +","Female",0,1,0.000898472596585804
"435","Other","Midwest","Professional","150,000 +","Male",0,1,0.000898472596585804
"436","Other","Midwest","Professional","20,000-39,999","Female",2,1,0.000898472596585804
"437","Other","Midwest","Professional","20,000-39,999","Male",2,1,0.000898472596585804
"438","Other","Midwest","Professional","40,000-59,999","Female",3,1,0.000898472596585804
"439","Other","Midwest","Secondary","1-19,999","Female",1,2,0.00179694519317161
"440","Other","Midwest","Secondary","1-19,999","Male",1,1,0.000898472596585804
"441","Other","Midwest","Secondary","100,000-149,999","Female",6,2,0.00179694519317161
"442","Other","Midwest","Secondary","100,000-149,999","Male",6,1,0.000898472596585804
"443","Other","Midwest","Secondary","20,000-39,999","Female",2,6,0.00539083557951483
"444","Other","Midwest","Secondary","40,000-59,999","Female",3,1,0.000898472596585804
"445","Other","Midwest","Secondary","40,000-59,999","Male",3,1,0.000898472596585804
"446","Other","Midwest","Secondary","60,000-74,999","Female",4,1,0.000898472596585804
"447","Other","Midwest","Secondary","60,000-74,999","Male",4,1,0.000898472596585804
"448","Other","Midwest","Secondary","75,000-99,999","Male",5,1,0.000898472596585804
"449","Other","Midwest","Secondary",NA,"Female",NA,2,0.00179694519317161
"450","Other","Midwest","Secondary",NA,"Male",NA,1,0.000898472596585804
"451","Other","Northeast","Bachelors","100,000-149,999","Female",6,1,0.00258397932816537
"452","Other","Northeast","Bachelors","20,000-39,999","Female",2,1,0.00258397932816537
"453","Other","Northeast","Bachelors","40,000-59,999","Female",3,1,0.00258397932816537
"454","Other","Northeast","Bachelors","60,000-74,999","Male",4,1,0.00258397932816537
"455","Other","Northeast","Primary","1-19,999","Female",1,1,0.00258397932816537
"456","Other","Northeast","Primary","20,000-39,999","Male",2,1,0.00258397932816537
"457","Other","Northeast","Professional","1-19,999","Male",1,1,0.00258397932816537
"458","Other","Northeast","Secondary","20,000-39,999","Male",2,1,0.00258397932816537
"459","Other","Northeast","Secondary","40,000-59,999","Male",3,1,0.00258397932816537
"460","Other","Northeast",NA,NA,"Female",NA,1,0.00258397932816537
"461","Other","South","Bachelors","1-19,999","Female",1,1,0.000665335994677312
"462","Other","South","Bachelors","100,000-149,999","Female",6,2,0.00133067198935462
"463","Other","South","Bachelors","100,000-149,999","Male",6,2,0.00133067198935462
"464","Other","South","Bachelors","20,000-39,999","Male",2,1,0.000665335994677312
"465","Other","South","Bachelors","60,000-74,999","Male",4,1,0.000665335994677312
"466","Other","South","Masters","1-19,999","Male",1,1,0.000665335994677312
"467","Other","South","Masters","40,000-59,999","Female",3,1,0.000665335994677312
"468","Other","South","Masters","40,000-59,999","Male",3,1,0.000665335994677312
"469","Other","South","Masters","75,000-99,999","Male",5,1,0.000665335994677312
"470","Other","South","Primary","1-19,999","Female",1,3,0.00199600798403194
"471","Other","South","Primary","1-19,999","Male",1,1,0.000665335994677312
"472","Other","South","Primary","20,000-39,999","Female",2,2,0.00133067198935462
"473","Other","South","Primary","20,000-39,999","Male",2,1,0.000665335994677312
"474","Other","South","Primary","40,000-59,999","Male",3,2,0.00133067198935462
"475","Other","South","Primary","60,000-74,999","Female",4,1,0.000665335994677312
"476","Other","South","Primary","75,000-99,999","Female",5,1,0.000665335994677312
"477","Other","South","Professional","150,000 +","Female",0,1,0.000665335994677312
"478","Other","South","Professional","20,000-39,999","Female",2,1,0.000665335994677312
"479","Other","South","Professional","40,000-59,999","Female",3,1,0.000665335994677312
"480","Other","South","Professional","40,000-59,999","Male",3,1,0.000665335994677312
"481","Other","South","Professional","75,000-99,999","Male",5,1,0.000665335994677312
"482","Other","South","Secondary","1-19,999","Female",1,3,0.00199600798403194
"483","Other","South","Secondary","100,000-149,999","Female",6,1,0.000665335994677312
"484","Other","South","Secondary","100,000-149,999","Male",6,1,0.000665335994677312
"485","Other","South","Secondary","150,000 +","Male",0,1,0.000665335994677312
"486","Other","South","Secondary","20,000-39,999","Female",2,1,0.000665335994677312
"487","Other","South","Secondary","40,000-59,999","Female",3,3,0.00199600798403194
"488","Other","South","Secondary","40,000-59,999","Male",3,7,0.00465735196274118
"489","Other","South","Secondary","60,000-74,999","Female",4,1,0.000665335994677312
"490","Other","South","Secondary","60,000-74,999","Male",4,2,0.00133067198935462
"491","Other","South","Secondary",NA,"Female",NA,1,0.000665335994677312
"492","Other","South","Secondary",NA,"Male",NA,2,0.00133067198935462
"493","Other","West","Bachelors","100,000-149,999","Female",6,1,0.0015220700152207
"494","Other","West","Bachelors","20,000-39,999","Male",2,1,0.0015220700152207
"495","Other","West","Bachelors","40,000-59,999","Male",3,1,0.0015220700152207
"496","Other","West","Primary","1-19,999","Female",1,1,0.0015220700152207
"497","Other","West","Primary","1-19,999","Male",1,1,0.0015220700152207
"498","Other","West","Primary","40,000-59,999","Female",3,1,0.0015220700152207
"499","Other","West","Primary","75,000-99,999","Female",5,1,0.0015220700152207
"500","Other","West","Professional","20,000-39,999","Female",2,1,0.0015220700152207
"501","Other","West","Professional","75,000-99,999","Female",5,1,0.0015220700152207
"502","Other","West","Secondary","1-19,999","Female",1,2,0.0030441400304414
"503","Other","West","Secondary","1-19,999","Male",1,2,0.0030441400304414
"504","Other","West","Secondary","150,000 +","Male",0,1,0.0015220700152207
"505","Other","West","Secondary","20,000-39,999","Male",2,4,0.0060882800608828
"506","Other","West","Secondary","40,000-59,999","Female",3,3,0.0045662100456621
"507","Other","West","Secondary","60,000-74,999","Male",4,1,0.0015220700152207
"508","Other","West","Secondary",NA,"Female",NA,2,0.0030441400304414
"509","White","Midwest","Bachelors","1-19,999","Female",1,3,0.00269541778975741
"510","White","Midwest","Bachelors","1-19,999","Male",1,3,0.00269541778975741
"511","White","Midwest","Bachelors","100,000-149,999","Female",6,19,0.0170709793351303
"512","White","Midwest","Bachelors","100,000-149,999","Male",6,32,0.0287511230907457
"513","White","Midwest","Bachelors","150,000 +","Female",0,14,0.0125786163522013
"514","White","Midwest","Bachelors","150,000 +","Male",0,22,0.0197663971248877
"515","White","Midwest","Bachelors","20,000-39,999","Female",2,7,0.00628930817610063
"516","White","Midwest","Bachelors","20,000-39,999","Male",2,11,0.00988319856244385
"517","White","Midwest","Bachelors","40,000-59,999","Female",3,17,0.0152740341419587
"518","White","Midwest","Bachelors","40,000-59,999","Male",3,13,0.0116801437556155
"519","White","Midwest","Bachelors","60,000-74,999","Female",4,13,0.0116801437556155
"520","White","Midwest","Bachelors","60,000-74,999","Male",4,9,0.00808625336927224
"521","White","Midwest","Bachelors","75,000-99,999","Female",5,14,0.0125786163522013
"522","White","Midwest","Bachelors","75,000-99,999","Male",5,10,0.00898472596585804
"523","White","Midwest","Bachelors",NA,"Female",NA,6,0.00539083557951483
"524","White","Midwest","Bachelors",NA,"Male",NA,10,0.00898472596585804
"525","White","Midwest","Masters","100,000-149,999","Female",6,14,0.0125786163522013
"526","White","Midwest","Masters","100,000-149,999","Male",6,12,0.0107816711590297
"527","White","Midwest","Masters","150,000 +","Female",0,18,0.0161725067385445
"528","White","Midwest","Masters","150,000 +","Male",0,9,0.00808625336927224
"529","White","Midwest","Masters","20,000-39,999","Female",2,3,0.00269541778975741
"530","White","Midwest","Masters","20,000-39,999","Male",2,2,0.00179694519317161
"531","White","Midwest","Masters","40,000-59,999","Female",3,4,0.00359389038634322
"532","White","Midwest","Masters","40,000-59,999","Male",3,5,0.00449236298292902
"533","White","Midwest","Masters","60,000-74,999","Female",4,6,0.00539083557951483
"534","White","Midwest","Masters","60,000-74,999","Male",4,2,0.00179694519317161
"535","White","Midwest","Masters","75,000-99,999","Female",5,11,0.00988319856244385
"536","White","Midwest","Masters","75,000-99,999","Male",5,4,0.00359389038634322
"537","White","Midwest","Masters",NA,"Female",NA,6,0.00539083557951483
"538","White","Midwest","Masters",NA,"Male",NA,1,0.000898472596585804
"539","White","Midwest","Primary","1-19,999","Female",1,7,0.00628930817610063
"540","White","Midwest","Primary","1-19,999","Male",1,3,0.00269541778975741
"541","White","Midwest","Primary","100,000-149,999","Female",6,1,0.000898472596585804
"542","White","Midwest","Primary","100,000-149,999","Male",6,2,0.00179694519317161
"543","White","Midwest","Primary","150,000 +","Female",0,2,0.00179694519317161
"544","White","Midwest","Primary","20,000-39,999","Female",2,7,0.00628930817610063
"545","White","Midwest","Primary","20,000-39,999","Male",2,10,0.00898472596585804
"546","White","Midwest","Primary","40,000-59,999","Female",3,1,0.000898472596585804
"547","White","Midwest","Primary","40,000-59,999","Male",3,3,0.00269541778975741
"548","White","Midwest","Primary","60,000-74,999","Female",4,1,0.000898472596585804
"549","White","Midwest","Primary","60,000-74,999","Male",4,4,0.00359389038634322
"550","White","Midwest","Primary","75,000-99,999","Female",5,1,0.000898472596585804
"551","White","Midwest","Primary","75,000-99,999","Male",5,2,0.00179694519317161
"552","White","Midwest","Primary",NA,"Female",NA,5,0.00449236298292902
"553","White","Midwest","Primary",NA,"Male",NA,1,0.000898472596585804
"554","White","Midwest","Professional","1-19,999","Female",1,3,0.00269541778975741
"555","White","Midwest","Professional","100,000-149,999","Female",6,9,0.00808625336927224
"556","White","Midwest","Professional","100,000-149,999","Male",6,10,0.00898472596585804
"557","White","Midwest","Professional","150,000 +","Female",0,4,0.00359389038634322
"558","White","Midwest","Professional","150,000 +","Male",0,6,0.00539083557951483
"559","White","Midwest","Professional","20,000-39,999","Female",2,7,0.00628930817610063
"560","White","Midwest","Professional","20,000-39,999","Male",2,6,0.00539083557951483
"561","White","Midwest","Professional","40,000-59,999","Female",3,6,0.00539083557951483
"562","White","Midwest","Professional","40,000-59,999","Male",3,10,0.00898472596585804
"563","White","Midwest","Professional","60,000-74,999","Female",4,6,0.00539083557951483
"564","White","Midwest","Professional","60,000-74,999","Male",4,8,0.00718778077268643
"565","White","Midwest","Professional","75,000-99,999","Female",5,10,0.00898472596585804
"566","White","Midwest","Professional","75,000-99,999","Male",5,3,0.00269541778975741
"567","White","Midwest","Professional",NA,"Female",NA,4,0.00359389038634322
"568","White","Midwest","Professional",NA,"Male",NA,4,0.00359389038634322
"569","White","Midwest","Secondary","1-19,999","Female",1,24,0.0215633423180593
"570","White","Midwest","Secondary","1-19,999","Male",1,17,0.0152740341419587
"571","White","Midwest","Secondary","100,000-149,999","Female",6,14,0.0125786163522013
"572","White","Midwest","Secondary","100,000-149,999","Male",6,15,0.0134770889487871
"573","White","Midwest","Secondary","150,000 +","Female",0,12,0.0107816711590297
"574","White","Midwest","Secondary","150,000 +","Male",0,6,0.00539083557951483
"575","White","Midwest","Secondary","20,000-39,999","Female",2,50,0.0449236298292902
"576","White","Midwest","Secondary","20,000-39,999","Male",2,33,0.0296495956873315
"577","White","Midwest","Secondary","40,000-59,999","Female",3,39,0.0350404312668464
"578","White","Midwest","Secondary","40,000-59,999","Male",3,41,0.036837376460018
"579","White","Midwest","Secondary","60,000-74,999","Female",4,30,0.0269541778975741
"580","White","Midwest","Secondary","60,000-74,999","Male",4,20,0.0179694519317161
"581","White","Midwest","Secondary","75,000-99,999","Female",5,20,0.0179694519317161
"582","White","Midwest","Secondary","75,000-99,999","Male",5,18,0.0161725067385445
"583","White","Midwest","Secondary",NA,"Female",NA,17,0.0152740341419587
"584","White","Midwest","Secondary",NA,"Male",NA,15,0.0134770889487871
"585","White","Northeast","Bachelors","1-19,999","Female",1,1,0.00258397932816537
"586","White","Northeast","Bachelors","1-19,999","Male",1,2,0.00516795865633075
"587","White","Northeast","Bachelors","100,000-149,999","Female",6,8,0.020671834625323
"588","White","Northeast","Bachelors","100,000-149,999","Male",6,6,0.0155038759689922
"589","White","Northeast","Bachelors","150,000 +","Female",0,4,0.0103359173126615
"590","White","Northeast","Bachelors","150,000 +","Male",0,4,0.0103359173126615
"591","White","Northeast","Bachelors","20,000-39,999","Female",2,3,0.00775193798449612
"592","White","Northeast","Bachelors","20,000-39,999","Male",2,2,0.00516795865633075
"593","White","Northeast","Bachelors","40,000-59,999","Female",3,4,0.0103359173126615
"594","White","Northeast","Bachelors","40,000-59,999","Male",3,4,0.0103359173126615
"595","White","Northeast","Bachelors","60,000-74,999","Female",4,7,0.0180878552971576
"596","White","Northeast","Bachelors","60,000-74,999","Male",4,3,0.00775193798449612
"597","White","Northeast","Bachelors","75,000-99,999","Female",5,8,0.020671834625323
"598","White","Northeast","Bachelors","75,000-99,999","Male",5,5,0.0129198966408269
"599","White","Northeast","Bachelors",NA,"Female",NA,2,0.00516795865633075
"600","White","Northeast","Bachelors",NA,"Male",NA,4,0.0103359173126615
"601","White","Northeast","Masters","100,000-149,999","Female",6,4,0.0103359173126615
"602","White","Northeast","Masters","100,000-149,999","Male",6,5,0.0129198966408269
"603","White","Northeast","Masters","150,000 +","Female",0,6,0.0155038759689922
"604","White","Northeast","Masters","150,000 +","Male",0,5,0.0129198966408269
"605","White","Northeast","Masters","20,000-39,999","Female",2,2,0.00516795865633075
"606","White","Northeast","Masters","20,000-39,999","Male",2,2,0.00516795865633075
"607","White","Northeast","Masters","40,000-59,999","Female",3,4,0.0103359173126615
"608","White","Northeast","Masters","40,000-59,999","Male",3,3,0.00775193798449612
"609","White","Northeast","Masters","60,000-74,999","Female",4,3,0.00775193798449612
"610","White","Northeast","Masters","60,000-74,999","Male",4,1,0.00258397932816537
"611","White","Northeast","Masters","75,000-99,999","Female",5,4,0.0103359173126615
"612","White","Northeast","Masters","75,000-99,999","Male",5,1,0.00258397932816537
"613","White","Northeast","Masters","Other","Male",0,1,0.00258397932816537
"614","White","Northeast","Masters",NA,"Female",NA,1,0.00258397932816537
"615","White","Northeast","Masters",NA,"Male",NA,2,0.00516795865633075
"616","White","Northeast","Primary","1-19,999","Female",1,1,0.00258397932816537
"617","White","Northeast","Primary","1-19,999","Male",1,2,0.00516795865633075
"618","White","Northeast","Primary","100,000-149,999","Female",6,1,0.00258397932816537
"619","White","Northeast","Primary","100,000-149,999","Male",6,2,0.00516795865633075
"620","White","Northeast","Primary","150,000 +","Male",0,2,0.00516795865633075
"621","White","Northeast","Primary","20,000-39,999","Female",2,2,0.00516795865633075
"622","White","Northeast","Primary","20,000-39,999","Male",2,2,0.00516795865633075
"623","White","Northeast","Primary","40,000-59,999","Female",3,2,0.00516795865633075
"624","White","Northeast","Primary","40,000-59,999","Male",3,1,0.00258397932816537
"625","White","Northeast","Primary","60,000-74,999","Female",4,1,0.00258397932816537
"626","White","Northeast","Primary","75,000-99,999","Female",5,1,0.00258397932816537
"627","White","Northeast","Primary",NA,"Male",NA,3,0.00775193798449612
"628","White","Northeast","Professional","1-19,999","Male",1,1,0.00258397932816537
"629","White","Northeast","Professional","100,000-149,999","Female",6,3,0.00775193798449612
"630","White","Northeast","Professional","100,000-149,999","Male",6,2,0.00516795865633075
"631","White","Northeast","Professional","150,000 +","Female",0,2,0.00516795865633075
"632","White","Northeast","Professional","150,000 +","Male",0,2,0.00516795865633075
"633","White","Northeast","Professional","20,000-39,999","Female",2,3,0.00775193798449612
"634","White","Northeast","Professional","20,000-39,999","Male",2,1,0.00258397932816537
"635","White","Northeast","Professional","40,000-59,999","Female",3,4,0.0103359173126615
"636","White","Northeast","Professional","40,000-59,999","Male",3,1,0.00258397932816537
"637","White","Northeast","Professional","60,000-74,999","Female",4,1,0.00258397932816537
"638","White","Northeast","Professional","60,000-74,999","Male",4,4,0.0103359173126615
"639","White","Northeast","Professional","75,000-99,999","Female",5,4,0.0103359173126615
"640","White","Northeast","Professional","75,000-99,999","Male",5,2,0.00516795865633075
"641","White","Northeast","Professional",NA,"Male",NA,1,0.00258397932816537
"642","White","Northeast","Secondary","1-19,999","Female",1,6,0.0155038759689922
"643","White","Northeast","Secondary","1-19,999","Male",1,7,0.0180878552971576
"644","White","Northeast","Secondary","100,000-149,999","Female",6,6,0.0155038759689922
"645","White","Northeast","Secondary","100,000-149,999","Male",6,7,0.0180878552971576
"646","White","Northeast","Secondary","150,000 +","Female",0,1,0.00258397932816537
"647","White","Northeast","Secondary","150,000 +","Male",0,5,0.0129198966408269
"648","White","Northeast","Secondary","20,000-39,999","Female",2,14,0.0361757105943152
"649","White","Northeast","Secondary","20,000-39,999","Male",2,13,0.0335917312661499
"650","White","Northeast","Secondary","40,000-59,999","Female",3,14,0.0361757105943152
"651","White","Northeast","Secondary","40,000-59,999","Male",3,6,0.0155038759689922
"652","White","Northeast","Secondary","60,000-74,999","Female",4,5,0.0129198966408269
"653","White","Northeast","Secondary","60,000-74,999","Male",4,7,0.0180878552971576
"654","White","Northeast","Secondary","75,000-99,999","Female",5,4,0.0103359173126615
"655","White","Northeast","Secondary","75,000-99,999","Male",5,4,0.0103359173126615
"656","White","Northeast","Secondary",NA,"Female",NA,7,0.0180878552971576
"657","White","Northeast","Secondary",NA,"Male",NA,2,0.00516795865633075
"658","White","South","Bachelors","1-19,999","Female",1,6,0.00399201596806387
"659","White","South","Bachelors","1-19,999","Male",1,5,0.00332667997338656
"660","White","South","Bachelors","100,000-149,999","Female",6,15,0.00998003992015968
"661","White","South","Bachelors","100,000-149,999","Male",6,21,0.0139720558882236
"662","White","South","Bachelors","150,000 +","Female",0,14,0.00931470392548237
"663","White","South","Bachelors","150,000 +","Male",0,12,0.00798403193612774
"664","White","South","Bachelors","20,000-39,999","Female",2,5,0.00332667997338656
"665","White","South","Bachelors","20,000-39,999","Male",2,5,0.00332667997338656
"666","White","South","Bachelors","40,000-59,999","Female",3,17,0.0113107119095143
"667","White","South","Bachelors","40,000-59,999","Male",3,17,0.0113107119095143
"668","White","South","Bachelors","60,000-74,999","Female",4,9,0.00598802395209581
"669","White","South","Bachelors","60,000-74,999","Male",4,18,0.0119760479041916
"670","White","South","Bachelors","75,000-99,999","Female",5,14,0.00931470392548237
"671","White","South","Bachelors","75,000-99,999","Male",5,14,0.00931470392548237
"672","White","South","Bachelors",NA,"Female",NA,11,0.00731869594145043
"673","White","South","Bachelors",NA,"Male",NA,6,0.00399201596806387
"674","White","South","Masters","1-19,999","Male",1,2,0.00133067198935462
"675","White","South","Masters","100,000-149,999","Female",6,14,0.00931470392548237
"676","White","South","Masters","100,000-149,999","Male",6,10,0.00665335994677312
"677","White","South","Masters","150,000 +","Female",0,20,0.0133067198935462
"678","White","South","Masters","150,000 +","Male",0,16,0.010645375914837
"679","White","South","Masters","20,000-39,999","Female",2,4,0.00266134397870925
"680","White","South","Masters","20,000-39,999","Male",2,1,0.000665335994677312
"681","White","South","Masters","40,000-59,999","Female",3,8,0.0053226879574185
"682","White","South","Masters","40,000-59,999","Male",3,7,0.00465735196274118
"683","White","South","Masters","60,000-74,999","Female",4,4,0.00266134397870925
"684","White","South","Masters","60,000-74,999","Male",4,4,0.00266134397870925
"685","White","South","Masters","75,000-99,999","Female",5,13,0.00864936793080506
"686","White","South","Masters","75,000-99,999","Male",5,4,0.00266134397870925
"687","White","South","Masters","Other","Female",0,1,0.000665335994677312
"688","White","South","Masters",NA,"Female",NA,3,0.00199600798403194
"689","White","South","Masters",NA,"Male",NA,4,0.00266134397870925
"690","White","South","Primary","1-19,999","Female",1,14,0.00931470392548237
"691","White","South","Primary","1-19,999","Male",1,12,0.00798403193612774
"692","White","South","Primary","100,000-149,999","Female",6,3,0.00199600798403194
"693","White","South","Primary","100,000-149,999","Male",6,6,0.00399201596806387
"694","White","South","Primary","150,000 +","Male",0,1,0.000665335994677312
"695","White","South","Primary","20,000-39,999","Female",2,8,0.0053226879574185
"696","White","South","Primary","20,000-39,999","Male",2,11,0.00731869594145043
"697","White","South","Primary","40,000-59,999","Male",3,5,0.00332667997338656
"698","White","South","Primary","60,000-74,999","Male",4,1,0.000665335994677312
"699","White","South","Primary","75,000-99,999","Male",5,5,0.00332667997338656
"700","White","South","Primary",NA,"Female",NA,6,0.00399201596806387
"701","White","South","Primary",NA,"Male",NA,3,0.00199600798403194
"702","White","South","Professional","1-19,999","Female",1,5,0.00332667997338656
"703","White","South","Professional","1-19,999","Male",1,5,0.00332667997338656
"704","White","South","Professional","100,000-149,999","Female",6,11,0.00731869594145043
"705","White","South","Professional","100,000-149,999","Male",6,8,0.0053226879574185
"706","White","South","Professional","150,000 +","Female",0,2,0.00133067198935462
"707","White","South","Professional","150,000 +","Male",0,5,0.00332667997338656
"708","White","South","Professional","20,000-39,999","Female",2,6,0.00399201596806387
"709","White","South","Professional","20,000-39,999","Male",2,6,0.00399201596806387
"710","White","South","Professional","40,000-59,999","Female",3,14,0.00931470392548237
"711","White","South","Professional","40,000-59,999","Male",3,7,0.00465735196274118
"712","White","South","Professional","60,000-74,999","Female",4,4,0.00266134397870925
"713","White","South","Professional","60,000-74,999","Male",4,4,0.00266134397870925
"714","White","South","Professional","75,000-99,999","Female",5,7,0.00465735196274118
"715","White","South","Professional","75,000-99,999","Male",5,6,0.00399201596806387
"716","White","South","Professional",NA,"Female",NA,2,0.00133067198935462
"717","White","South","Professional",NA,"Male",NA,2,0.00133067198935462
"718","White","South","Secondary","1-19,999","Female",1,33,0.0219560878243513
"719","White","South","Secondary","1-19,999","Male",1,21,0.0139720558882236
"720","White","South","Secondary","100,000-149,999","Female",6,12,0.00798403193612774
"721","White","South","Secondary","100,000-149,999","Male",6,14,0.00931470392548237
"722","White","South","Secondary","150,000 +","Female",0,11,0.00731869594145043
"723","White","South","Secondary","150,000 +","Male",0,16,0.010645375914837
"724","White","South","Secondary","20,000-39,999","Female",2,53,0.0352628077178975
"725","White","South","Secondary","20,000-39,999","Male",2,29,0.019294743845642
"726","White","South","Secondary","40,000-59,999","Female",3,37,0.0246174318030605
"727","White","South","Secondary","40,000-59,999","Male",3,28,0.0186294078509647
"728","White","South","Secondary","60,000-74,999","Female",4,22,0.0146373918829009
"729","White","South","Secondary","60,000-74,999","Male",4,20,0.0133067198935462
"730","White","South","Secondary","75,000-99,999","Female",5,9,0.00598802395209581
"731","White","South","Secondary","75,000-99,999","Male",5,16,0.010645375914837
"732","White","South","Secondary",NA,"Female",NA,20,0.0133067198935462
"733","White","South","Secondary",NA,"Male",NA,19,0.0126413838988689
"734","White","South",NA,"1-19,999","Female",1,1,0.000665335994677312
"735","White","West","Bachelors","1-19,999","Male",1,2,0.0030441400304414
"736","White","West","Bachelors","100,000-149,999","Female",6,6,0.0091324200913242
"737","White","West","Bachelors","100,000-149,999","Male",6,8,0.0121765601217656
"738","White","West","Bachelors","150,000 +","Female",0,4,0.0060882800608828
"739","White","West","Bachelors","150,000 +","Male",0,10,0.015220700152207
"740","White","West","Bachelors","20,000-39,999","Female",2,9,0.0136986301369863
"741","White","West","Bachelors","40,000-59,999","Female",3,4,0.0060882800608828
"742","White","West","Bachelors","40,000-59,999","Male",3,7,0.0106544901065449
"743","White","West","Bachelors","60,000-74,999","Female",4,6,0.0091324200913242
"744","White","West","Bachelors","60,000-74,999","Male",4,6,0.0091324200913242
"745","White","West","Bachelors","75,000-99,999","Female",5,5,0.0076103500761035
"746","White","West","Bachelors","75,000-99,999","Male",5,9,0.0136986301369863
"747","White","West","Bachelors",NA,"Female",NA,3,0.0045662100456621
"748","White","West","Bachelors",NA,"Male",NA,3,0.0045662100456621
"749","White","West","Masters","1-19,999","Male",1,1,0.0015220700152207
"750","White","West","Masters","100,000-149,999","Female",6,7,0.0106544901065449
"751","White","West","Masters","100,000-149,999","Male",6,7,0.0106544901065449
"752","White","West","Masters","150,000 +","Female",0,7,0.0106544901065449
"753","White","West","Masters","150,000 +","Male",0,12,0.0182648401826484
"754","White","West","Masters","20,000-39,999","Male",2,1,0.0015220700152207
"755","White","West","Masters","40,000-59,999","Female",3,4,0.0060882800608828
"756","White","West","Masters","40,000-59,999","Male",3,2,0.0030441400304414
"757","White","West","Masters","60,000-74,999","Female",4,2,0.0030441400304414
"758","White","West","Masters","60,000-74,999","Male",4,4,0.0060882800608828
"759","White","West","Masters","75,000-99,999","Male",5,2,0.0030441400304414
"760","White","West","Primary","1-19,999","Female",1,4,0.0060882800608828
"761","White","West","Primary","1-19,999","Male",1,4,0.0060882800608828
"762","White","West","Primary","150,000 +","Female",0,1,0.0015220700152207
"763","White","West","Primary","150,000 +","Male",0,1,0.0015220700152207
"764","White","West","Primary","20,000-39,999","Female",2,4,0.0060882800608828
"765","White","West","Primary","20,000-39,999","Male",2,2,0.0030441400304414
"766","White","West","Primary","40,000-59,999","Female",3,2,0.0030441400304414
"767","White","West","Primary","40,000-59,999","Male",3,2,0.0030441400304414
"768","White","West","Primary","60,000-74,999","Male",4,1,0.0015220700152207
"769","White","West","Primary","75,000-99,999","Female",5,1,0.0015220700152207
"770","White","West","Primary",NA,"Male",NA,4,0.0060882800608828
"771","White","West","Professional","1-19,999","Male",1,1,0.0015220700152207
"772","White","West","Professional","100,000-149,999","Female",6,3,0.0045662100456621
"773","White","West","Professional","100,000-149,999","Male",6,2,0.0030441400304414
"774","White","West","Professional","150,000 +","Female",0,1,0.0015220700152207
"775","White","West","Professional","150,000 +","Male",0,5,0.0076103500761035
"776","White","West","Professional","20,000-39,999","Female",2,4,0.0060882800608828
"777","White","West","Professional","20,000-39,999","Male",2,2,0.0030441400304414
"778","White","West","Professional","40,000-59,999","Female",3,4,0.0060882800608828
"779","White","West","Professional","40,000-59,999","Male",3,3,0.0045662100456621
"780","White","West","Professional","60,000-74,999","Female",4,2,0.0030441400304414
"781","White","West","Professional","60,000-74,999","Male",4,1,0.0015220700152207
"782","White","West","Professional","75,000-99,999","Female",5,2,0.0030441400304414
"783","White","West","Professional","75,000-99,999","Male",5,3,0.0045662100456621
"784","White","West","Professional",NA,"Male",NA,1,0.0015220700152207
"785","White","West","Secondary","1-19,999","Female",1,13,0.0197869101978691
"786","White","West","Secondary","1-19,999","Male",1,5,0.0076103500761035
"787","White","West","Secondary","100,000-149,999","Female",6,7,0.0106544901065449
"788","White","West","Secondary","100,000-149,999","Male",6,10,0.015220700152207
"789","White","West","Secondary","150,000 +","Female",0,8,0.0121765601217656
"790","White","West","Secondary","150,000 +","Male",0,12,0.0182648401826484
"791","White","West","Secondary","20,000-39,999","Female",2,13,0.0197869101978691
"792","White","West","Secondary","20,000-39,999","Male",2,12,0.0182648401826484
"793","White","West","Secondary","40,000-59,999","Female",3,12,0.0182648401826484
"794","White","West","Secondary","40,000-59,999","Male",3,13,0.0197869101978691
"795","White","West","Secondary","60,000-74,999","Female",4,12,0.0182648401826484
"796","White","West","Secondary","60,000-74,999","Male",4,11,0.0167427701674277
"797","White","West","Secondary","75,000-99,999","Female",5,8,0.0121765601217656
"798","White","West","Secondary","75,000-99,999","Male",5,3,0.0045662100456621
"799","White","West","Secondary","Other","Female",0,1,0.0015220700152207
"800","White","West","Secondary",NA,"Female",NA,8,0.0121765601217656
"801","White","West","Secondary",NA,"Male",NA,7,0.0106544901065449
"802",NA,"Midwest","Secondary","20,000-39,999","Male",2,1,0.000898472596585804
"803",NA,"Midwest",NA,NA,NA,NA,42,0.0377358490566038
"804",NA,"Northeast","Bachelors",NA,"Male",NA,1,0.00258397932816537
"805",NA,"Northeast","Secondary","1-19,999","Male",1,1,0.00258397932816537
"806",NA,"Northeast","Secondary","150,000 +","Male",0,1,0.00258397932816537
"807",NA,"Northeast","Secondary",NA,"Female",NA,1,0.00258397932816537
"808",NA,"Northeast",NA,NA,NA,NA,18,0.0465116279069767
"809",NA,"South","Professional",NA,"Female",NA,1,0.000665335994677312
"810",NA,"South",NA,NA,NA,NA,70,0.0465735196274118
"811",NA,"West","Masters","20,000-39,999","Female",2,1,0.0015220700152207
"812",NA,"West",NA,NA,NA,NA,51,0.0776255707762557
